ITEM,Backwoods,BusStop,Farm,FarmCave,Town,Forest,Woods,Sewer,BugLand,Beach,Mountain,Railroad,Mines,WitchSwamp,Desert,IslandNorth,IslandNorthCave1,IslandSouth,IslandWest,IslandEast,IslandSouthEast,IslandShrine,IslandSouthEastCave,Summit,Mine,Volcano
Chicory Root,All,All,All,,All (Rare),All,All,,,,All,All,,All,,,,,,,,,,All,,
Dandelion Root,All,All,All,,All (Rare),All,All,,,,All,All,,All,,,,,,,,,,All,,
Gentian Root,All,All,All,,All (Rare),All,All,,,,All,All,,All,All,,,,,,,,,All,,
Sunchoke,All,All,All,,All (Rare),All,All,,,,All,All,,All,,,,,,,,,,All,,
Sassafras Root,All,All,All,,All (Rare),All,All,,,,All,All,,All,,,,,,,,,,All,,
Yarrow Root,All,All,All,,All (Rare),All,All,,,,All,All,,All,,,,,,,,,,All,,
Broken CD,All,All,All,,All,All,,,,All,All,All,,,All,All,,All,All,All (Rare),All,All,,All (Rare),All,
Broken Glasses,All,All,All,,All,All,,,,All,All,All,,,All,All,,All,All,All (Rare),All,All,,All (Rare),All,
Garbage,All,All,All,,All,All,,All,,All,All,All,,,All,All,,All (Rare),All (Rare),All,All (Rare),All,,All (Rare),All,
Junk,All,All,All,,All,All,All,All,,All (Snow/Storm),All,All,,,All (Rare),All,,All (Snow/Storm),All (Snow/Storm),All,All (Snow/Storm),All,All,All,All,
Plastic Bag,All,All,All,,All,All,,All,,All,All,All,,,All,All,,All (Rare),All (Rare),All,All (Rare),All,,All,All,
Plastic Bottle,All,All,All,,All,All,,All,,All,All,All,,,All,All,,All (Rare),All (Rare),All,All (Rare),All,,All,All,
Rock Salt,All,All,All,,All,All,,,,All,All,All,,,All,All,,All,All,All (Rare),All,All,,All (Rare),All (Rare),All
Soda-Pop Ring,All,All,All,,All,All,,All,,All,All,All,,,All,All,,All (Rare),All (Rare),All,All (Rare),All,,All,All,
Soggy Newspaper,All,All,All,,All,All,,All,,All,All,All,,,All,All,,All (Rare),All (Rare),All,All (Rare),All,,All (Rare),All,
Trash,All,All,All,,All,All,,All,,All (Snow/Storm),All,All,,,All,All,,All (Snow/Storm),All (Snow/Storm),All,All (Snow/Storm),All,,All,All,
Ancient Coin,All (Rare),All (Rare),All (Rare),,All (Rare),All (Rare),All (Rare),All (Rare),All (Rare),All (Rare),All (Rare),All (Rare),,All (Rare),All (Rare),All (Rare),,All (Rare),All (Rare),All (Rare),All (Rare),All (Rare),All (Rare),All (Rare),All (Rare),All (Rare)
Silver Coin,All (Rare),All (Rare),All (Rare),,All (Rare),All (Rare),All (Rare),All (Rare),All (Rare),All (Rare),All (Rare),All (Rare),,All (Rare),All (Rare),All (Rare),,All (Rare),All (Rare),All (Rare),All (Rare),All (Rare),All,All (Rare),All (Rare),All (Rare)
Silver Ore,All (Rare),All (Rare),All (Rare),,,All (Rare),,,,,All (Rare),All (Rare),,,,All (Rare),,,All (Rare),All (Rare),All (Rare),All (Rare),All,All (Rare),,
Aquamarine,All (Rare),All (Rare),All (Rare),,,All (Rare),,,,,All (Rare),All (Rare),,All (Rare),All (Rare),All (Rare),,,All (Rare),All (Rare),,All (Rare),,All (Rare),All (Rare),All (Rare)
Amethyst,All (Rare),All (Rare),All (Rare),,,All (Rare),,,,,All (Rare),All (Rare),,All (Rare),All (Rare),All (Rare),,,All (Rare),All (Rare),,All (Rare),,All (Rare),All (Rare),All (Rare)
Diamond,All (Rare),All (Rare),All (Rare),,,All (Rare),All (Rare),,,All (Storm) (Rare),All (Rare),All (Rare),,All (Rare),All (Rare),All (Rare),,All (Rare),All (Rare),All (Rare),All (Rare),All (Rare),All (Rare),All (Rare),All (Rare),All (Rare)
Emerald,All (Rare),All (Rare),All (Rare),,,All (Rare),All (Rare),,,All (Storm) (Rare),All (Rare),All (Rare),,All (Rare),All (Rare),All (Rare),,All (Rare),All (Rare),All (Rare),All (Rare),All (Rare),All,All (Rare),All (Rare),All (Rare)
Fire Opal,All (Rare),All (Rare),All (Rare),,,All (Rare),,,,,All (Rare),All (Rare),,All (Rare),All (Rare),All (Rare),,,All (Rare),All (Rare),,All (Rare),,All (Rare),All (Rare),All (Rare)
Jade,All (Rare),All (Rare),All (Rare),,,All (Rare),All (Rare),,,,All (Rare),All (Rare),,All (Rare),All (Rare),All (Rare),,,All (Rare),All (Rare),,All (Rare),,All (Rare),All (Rare),All (Rare)
Onyx,All (Rare),All (Rare),All (Rare),,,All (Rare),,,,,All (Rare),All (Rare),,All (Rare),All (Rare),All (Rare),,,All (Rare),All (Rare),,All (Rare),All,All (Rare),All (Rare),All
Opal,All (Rare),All (Rare),All (Rare),,,All (Rare),,,,,All (Rare),All (Rare),,All (Rare),All (Rare),All (Rare),,,All (Rare),All (Rare),,All (Rare),,All (Rare),All (Rare),All (Rare)
Sapphire,All (Rare),All (Rare),All (Rare),,,All (Rare),All (Rare),,,All (Storm) (Rare),All (Rare),All (Rare),,All (Rare),All (Rare),All (Rare),,All (Rare),All (Rare),All (Rare),All (Rare),All (Rare),All,All (Rare),All (Rare),All (Rare)
Topaz,All (Rare),All (Rare),All (Rare),,,All (Rare),,,,,All (Rare),All (Rare),,All (Rare),All (Rare),All (Rare),,,All (Rare),All (Rare),,All (Rare),,All (Rare),All (Rare),All (Rare)
Ruby,All (Rare),All (Rare),All (Rare),,,All (Rare),All (Rare),,,All (Storm) (Rare),All (Rare),All (Rare),,All (Rare),All (Rare),All (Rare),,All (Rare),All (Rare),All (Rare),All (Rare),All (Rare),All,All (Rare),All (Rare),All (Rare)
Black Truffle,All (Rare),All (Rare),All (Rare),All,,All (Rare),All (Rare),,,,All (Rare),All (Rare),,All (Rare),,,All (Rare),,,,,,,All (Rare),All (Rare),
Truffle,All (Rare),All (Rare),All (Rare),All,,All (Rare),All (Rare),,,,All (Rare),All (Rare),,,,,All (Rare),,,,,,,All (Rare),All (Rare),
White Truffle,All (Rare),All (Rare),All (Rare),All,,All (Rare),All (Rare),,,,All (Rare),All (Rare),,,,,All (Rare),,,,,,,All (Rare),All (Rare),
Golden Chest,All (Rare),All (Rare),All (Rare),,,All (Rare),All (Rare),,,All (Snow/Storm) (Rare),All (Rare),All (Rare),,All (Rare),All (Rare),All (Rare),,All (Snow/Storm) (Rare),All (Snow/Storm) (Rare),All (Rare),All (Snow/Storm) (Rare),All (Rare),All (Rare),All (Rare),All (Rare),All (Rare)
Pearl,All (Rare),All (Rare),All (Rare),,,All (Rare),,,,All (Rare),All (Rare),All (Rare),,,All (Rare),,,All (Rare),All (Rare),,All (Rare),,All (Rare),All (Rare),All (Rare),All (Rare)
Treasure Chest,All (Rare),All (Rare),All (Rare),,,All (Rare),All (Rare),,,All (Snow/Storm) (Rare),All (Rare),All (Rare),,All (Rare),All (Rare),All (Rare),,All (Snow/Storm) (Rare),All (Snow/Storm) (Rare),All (Rare),All (Snow/Storm) (Rare),All (Rare),All (Rare),All (Rare),All (Rare),All (Rare)
Beach Glass,,,,,,,,,,All,,,,,,,,All (Rare),All (Rare),,All (Rare),,All,,,
Bleached Coral,,,,,,,,,,All (Snow/Storm),,,,,,,,All (Snow/Storm),All (Snow/Storm),,All (Snow/Storm),,All,,,
Fish Skeleton,,,,,,,,All,,All,,,,,,,,All (Rare),All (Rare),,All (Rare),,All,,,
Driftwood,,,,,,,,,,All,,,,,,,,All (Rare),All (Rare),,All (Rare),,,,,
Shark Tooth,,,,,,,,,,All (Snow/Storm) (Rare),,,,,,,,All (Snow/Storm) (Rare),All (Snow/Storm) (Rare),,All (Snow/Storm) (Rare),,All,,,
Black Pearl,,,,,,,,,,All (Rare),,,,All (Rare),,All (Rare),,All (Rare),All (Rare),All (Rare),All (Rare),,All (Rare),,,
Giant Pearl,,,,,,,,,,All (Rare),,,,,,,,All (Rare),All (Rare),,All (Rare),All (Rare),All (Rare),All (Rare),,
Megalodon Tooth,,,,,,,,,,All (Rare),,,,,,,,All (Rare),All (Rare),,All (Rare),,,,,
Caraway Root,,,,,,,,,,,,,,,All,,,,,,,,,,,
Green Onion,,,,,,Sp,,,,,,,,,,,,,,,,,,,,
Scallion,,,,,,Sp,,,,,,,,,,,,,,,,,,,,
Cassava Root,,,,,,,,,,,,,,,,All (Rare),,,All (Rare),All (Rare),,All (Rare),,,,
Turmeric,,,,,,,,,,,,,,,,All (Rare),,,All (Rare),All (Rare),,All (Rare),,,,
Tigerseye,,,,,,,,,,,,,,,,All (Rare),,,,All (Rare),All (Rare),,,,,
Clay,,,,,,,,,,,,,,,,,,,,,,,,,All (Rare),
Coal,,,,,,,,,,,,All,,,,,,,,,,,,,All (Rare),All
Lodestone,,,,,,,,,,,All (Rare),All (Rare),,,,,,,,,,,,,All (Rare),All
Nahcolite,,,,,,,,,,,,,,,,,,,,,,,,,All (Rare),All
Obsidian,,,,,,,,,,,,,,All (Rare),,,,,,,,,,,,All
Black Carrot,,,,,,,,,,,,,,All,,,,,,,,,,,,
Glass Pumpkin,,,,,,,,,,,,,,All (Rare),,,,,,,,,,,,
Mandrake,,,,,,,,,,,,,,All (Rare),,,,,,,,,,,,
Silver Leaf,All (Rare),All (Rare),All (Rare),,All (Rare),All (Rare),All (Rare),,,,All (Rare),All (Rare),,,,,,,,,,,,All (Rare),,
Silver Antler,All (Rare),All (Rare),All (Rare),,All (Rare),All (Rare),All (Rare),,,,All (Rare),All (Rare),,,,,,,,,,,,All (Rare),,
Golden Leaf,All (Rare),All (Rare),All (Rare),,All (Rare),All (Rare),All (Rare),,,,All (Rare),All (Rare),,,,,,,,,,,,All (Rare),,
Golden Antler,All (Rare),All (Rare),All (Rare),,All (Rare),All (Rare),All (Rare),,,,All (Rare),All (Rare),,,,,,,,,,,,All (Rare),,
Elvish Jewelry,,,,,,,All (Rare),,,,,,,,,,,,,,,,,,,
Shamrock,Sp Su (Sun) (Rare),Sp Su (Sun) (Rare),Sp Su (Sun) (Rare),,Sp Su (Sun) (Rare),Sp Su (Sun),Sp Su (Sun) (Rare),,,,Sp Su (Sun) (Rare),Sp Su (Sun) (Rare),,,,,,,,,,,,Sp Su (Sun) (Rare),,
Wild Daisy,Sp (Sun) (Rare),Sp (Sun) (Rare),Sp (Sun) (Rare),,Sp (Sun) (Rare),Sp (Sun),Sp (Sun) (Rare),,,,Sp (Sun) (Rare),Sp (Sun) (Rare),,,,,,,,,,,,Sp (Sun) (Rare),,
Chicory,Sp,Sp,Sp,,Sp,Sp,Sp,,,,Sp,Sp,,,,,,,,,,,,Sp,,
Clover,All,All,All,,All,All,All,,,,All,All,,,,,,,,,,,,All,,
Dandelion Greens,Sp Su,Sp Su,Sp Su,,Sp Su,Sp Su,Sp Su,,,,Sp Su,Sp Su,,,,,,,,,,,,Sp Su,,
Dandelion Puffball,All,All,All,,All,All,All,,All,,All,All,,All,,,,,,,,,,All,,
Amanita,All,All,All,All,All,All,All,All,All,,All,All,,All,,,All (Rare),,,,,,,All,All (Rare),
Chicory Flower,Sp (Sun) (Rare),Sp (Sun) (Rare),Sp (Sun) (Rare),,Sp (Sun) (Rare),Sp (Sun),Sp (Sun) (Rare),,,,Sp (Sun) (Rare),Sp (Sun) (Rare),,,,,,,,,,,,Sp (Sun) (Rare),,
Dryad's Saddle,Sp Su Fa,Sp Su Fa,Sp Su Fa,,Sp Su Fa,Sp Su Fa,Sp Su Fa,,,,Sp Su Fa,Sp Su Fa,,,,,,,,,,,,Sp Su Fa,,
Foxglove,All (Snow/Storm),All (Snow/Storm),All (Snow/Storm),,All (Snow/Storm),All (Snow/Storm),All (Snow/Storm),,All,,All (Snow/Storm),All (Snow/Storm),,All,,,,,,,,,,All (Snow/Storm),,
Wild Grapes,Sp Su,Sp Su,Sp Su,,Sp Su,Sp Su,,,,,Sp Su,Sp Su,,,,,,,,,,,,Sp Su,,
Wild Violet,Sp (Sun) (Rare),Sp (Sun) (Rare),Sp (Sun) (Rare),,Sp (Sun) (Rare),Sp (Sun),Sp (Sun) (Rare),,,,Sp (Sun) (Rare),Sp (Sun) (Rare),,,,,,,,,,,,Sp (Sun) (Rare),,
Stinging Nettle,All (Snow/Storm),All (Snow/Storm),All (Snow/Storm),,All (Snow/Storm),All (Snow/Storm),All (Snow/Storm),,All,,All (Snow/Storm),All (Snow/Storm),,All,,,,,,,,,,All (Snow/Storm),,
Button Mushroom,All,All,All,All,All,All,All,All,All,,All,All,,All,,All,All (Rare),,All,All,,All,,All,All (Rare),
Crabapple,Sp,Sp,,,,Sp,Sp,,,,Sp,Sp,,,,,,,,,,,,Sp,,
Elderberry,Sp,Sp,,,,Sp,Sp,,,,Sp,Sp,,,,,,,,,,,,Sp,,
Grape Leaf,Sp Su,Sp Su,Sp Su,,Sp Su,Sp Su,Sp Su,,,,Sp Su,Sp Su,,,,,,,,,,,,Sp Su,,
Hawthorn Berry,Sp,Sp,,,,Sp,Sp,,,,Sp,Sp,,,,,,,,,,,,Sp,,
Canary Feather,Sp,Sp,Sp,,Sp,Sp,Sp,,,,Sp,Sp,,,,,,,,,,,,Sp,,
Cicada Shell,All,All,All,,All,All,All,,All,,All,All,,All,,,,,,,,,,All,,
Matsutake Mushroom,All,All,All,All,All,All,All,,All,,All,All,,All,,,All (Rare),,,,,,,All,All (Rare),
Nettle Blossom,Sp Su,Sp Su,Sp Su,,Sp Su,Sp Su,Sp Su,,,,Sp Su,Sp Su,,,,,,,,,,,,Sp Su,,
Bird Nest,Sp,Sp,Sp,,Sp,Sp,Sp,,,,Sp,Sp,,,,,,,,,,,,Sp,,
Dove Feather,Sp Su,Sp Su,Sp Su,,Sp Su,Sp Su,Sp Su,,,,Sp Su,Sp Su,,,,,,,,,,,,Sp Su,,
Ginkgo Leaf,Sp,Sp,,,,Sp,Sp,,,,Sp,Sp,,,,,,,,,,,,Sp,,
Huckleberry,Sp,Sp,,,,Sp,Sp,,,,Sp,Sp,,,,,,,,,,,,Sp,,
Linden,Sp Su (Sun) (Rare),Sp Su (Sun) (Rare),Sp Su (Sun) (Rare),,Sp Su (Sun) (Rare),Sp Su (Sun),Sp Su (Sun) (Rare),,,,Sp Su (Sun) (Rare),Sp Su (Sun) (Rare),,,,,,,,,,,,Sp Su (Sun) (Rare),,
Willow Bark,Sp Wi,Sp Wi,Sp Wi,,Sp Wi,Sp Wi,Sp Wi,,,,Sp Wi,Sp Wi,,,,,,,,,,,,Sp Wi,,
Deer Antler ,All (Rare),All (Rare),All (Rare),,All (Rare),All (Rare),All (Rare),,,,All (Rare),All (Rare),,,,,,,,,,,,All (Rare),,
Eagle Feather,All (Rare),All (Rare),All (Rare),,All (Rare),All (Rare),All (Rare),,,,All (Rare),All (Rare),,,All,,,,,,,,,All (Rare),,
Turtle Shell,All,All,All,,All,All,All,,All (Rare),,All,All,,All (Rare),,All (Rare),,,All (Rare),All (Rare),,All (Rare),,All,,
Sarsaparilla,Su,Su,Su,,Su,Su,Su,,,,Su,Su,,,,,,,,,,,,Su,,
Indigo,All (Sun) (Rare),All (Sun) (Rare),All (Sun) (Rare),,All (Sun) (Rare),All (Sun),All (Sun) (Rare),,,,All (Sun) (Rare),All (Sun) (Rare),,,,All,,,All,All,,All,,All (Sun) (Rare),,
Sarsaparilla Berry,Su,Su,,,,Su,Su,,,,Su,Su,,,,,,,,,,,,Su,,
Hawk Feather,All,All,All,,All,All,All,,,,All,All,,,All,,,,,,,,,All,,
Tortoise Shell,All (Rare),All (Rare),All (Rare),,All (Rare),All (Rare),All (Rare),,,,All (Rare),All (Rare),,,All (Rare),All (Rare),,,All (Rare),All (Rare),,All (Rare),,All (Rare),,
Black Shamrock,All (Snow/Storm),All (Snow/Storm),All (Snow/Storm),All,All (Snow/Storm),All (Snow/Storm),All (Snow/Storm),All,All,,All (Snow/Storm),All (Snow/Storm),,All,,,All (Rare),,,,,,,All (Snow/Storm),All (Rare),
Puffball Mushroom,All,All,All,All,All,All,All,All,All,,All,All,,All,,,All (Rare),,,,,,,All,All (Rare),
Topinambur,Fa,Fa,Fa,,Fa,Fa,Fa,,,,Fa,Fa,,,,,,,,,,,,Fa,,
Black Walnut,Fa,Fa,,,,Fa,Fa,,,,Fa,Fa,,,,,,,,,,,,Fa,,
Hawkweed,All (Sun) (Rare),All (Sun) (Rare),All (Sun) (Rare),,All (Sun) (Rare),All (Sun),All (Sun) (Rare),,,,All (Sun) (Rare),All (Sun) (Rare),,,All,,,,,,,,,All (Sun) (Rare),,
Artemisia,All (Sun) (Rare),All (Sun) (Rare),All (Sun) (Rare),,All (Sun) (Rare),All (Sun),All,,All,,All (Sun) (Rare),All (Sun) (Rare),,All,,,,,,,,,,All (Sun) (Rare),,
Pecan,Fa,Fa,,,,Fa,Fa,,,,Fa,Fa,,,,,,,,,,,,Fa,,
Cremini Mushroom,All,All,All,All,All,All,All,,All,,All,All,,All,,,All (Rare),,,,,,,All,All (Rare),
Blue Jay Feather,Fa,Fa,Fa,,Fa,Fa,Fa,,,,Fa,Fa,,,,,,,,,,,,Fa,,
Honeycomb,All,All,All,,All,All,All,,,,All,All,,,,All,,,All,All,,All,,All,,
Macadamia Nut,Fa,Fa,,,,Fa,Fa,,,,Fa,Fa,,,,,,,,,,,,Fa,,
Portobello Mushroom,All,All,All,All,All,All,All,,All,,All,All,,All,,,All (Rare),,,,,,,All,All (Rare),
Crow Feather ,All,All,All,,All,All,All,,All,All,All,All,,All,,,,,,,,,,All,,
Bee Hive,All,All,All,,All,All,All,,,,All,All,,,,All,,,All,All,,All,,All,,
Bear Claw,All (Rare),All (Rare),All (Rare),,All (Rare),All (Rare),All (Rare),,,,All (Rare),All (Rare),,,,,,,,,,,,All (Rare),,
Raven Feather ,All,All,All,,All,All,All,,All,All (Rare),All,All,,All,,,,,,,,,,All,,
Mint Flower,Wi,Wi,Wi,,Wi,Wi,Wi,,,,Wi,Wi,,,,,,,,,,,,Wi,,
Spruce Tips,Wi,Wi,Wi,,Wi,Wi,Wi,,,,Wi,Wi,,,,,,,,,,,,Wi,,
Wolfsbane,All,All,All,,All,All,All,,All,,All,All,,All,,,,,,,,,,All,,
Boxberry,Wi,Wi,Wi,,Wi,Wi,Wi,,,,Wi,Wi,,,,,,,,,,,,Wi,,
Cardinal Feather,Wi (Rare),Wi (Rare),Wi (Rare),,Wi (Rare),Wi (Rare),Wi (Rare),,,,Wi (Rare),Wi (Rare),,,,,,,,,,,,Wi (Rare),,
Chestnut,Wi,Wi,Wi,,Wi,Wi,Wi,,,,Wi,Wi,,,,,,,,,,,,Wi,,
Yarrow Leaf,Wi,Wi,Wi,,Wi,Wi,Wi,,,,Wi,Wi,,,,,,,,,,,,Wi,,
Birch Bark,Wi,Wi,Wi,,Wi,Wi,Wi,,,,Wi,Wi,,,,,,,,,,,,Wi,,
Juniper,Wi,Wi,,,,Wi,Wi,,,,Wi,Wi,,,,,,,,,,,,Wi,,
Mugwort,All,All,All,,All,All,All,,All,,All,All,,All,,,,,,,,,,All,,
Peppermint,Wi,Wi,Wi,,Wi,Wi,Wi,,,,Wi,Wi,,,,,,,,,,,,Wi,,
Periwinkle Flower,Sp Fa Wi (Snow/Storm) (Rare),Sp Fa Wi (Snow/Storm) (Rare),Sp Fa Wi (Snow/Storm) (Rare),,Sp Fa Wi (Snow/Storm) (Rare),Sp Fa Wi (Snow/Storm) (Rare),Sp Fa Wi (Snow/Storm) (Rare),,,,Sp Fa Wi (Snow/Storm) (Rare),Sp Fa Wi (Snow/Storm) (Rare),,,,,,,,,,,,Sp Fa Wi (Snow/Storm) (Rare),,
Spearmint,Wi,Wi,Wi,,Wi,Wi,Wi,,,,Wi,Wi,,,,,,,,,,,,Wi,,
Rowanberry,Wi (Rare),Wi (Rare),Wi (Rare),,Wi (Rare),Wi (Rare),Wi (Rare),,,,Wi (Rare),Wi (Rare),,,,,,,,,,,,Wi (Rare),,
Sloe Plum,Wi,Wi,,,,Wi,Wi,,,,Wi,Wi,,,,,,,,,,,,Wi,,
Yarrow,Wi (Rare),Wi (Rare),Wi (Rare),,Wi (Rare),Wi (Rare),Wi (Rare),,,,Wi (Rare),Wi (Rare),,,,,,,,,,,,Wi (Rare),,
Snow Owl Feather,Wi (Rare),Wi (Rare),Wi (Rare),,Wi (Rare),Wi (Rare),Wi (Rare),,,,Wi (Rare),Wi (Rare),,,,,,,,,,,,Wi (Rare),,
Void Mushroom,All (Rare),All (Rare),All (Rare),All,All (Rare),All (Rare),All (Rare),All (Rare),All,,All (Rare),All (Rare),,All,,,All (Rare),,,,,,,All (Rare),All (Rare),All
Liverwort,All,All,All,,All,All,All,All,All,,All,All,,All,,All,,,All,All,,All,,All,,
Unlucky Clover,All (Snow/Storm) (Rare),All (Snow/Storm) (Rare),All (Snow/Storm) (Rare),All (Snow/Storm) (Rare),All (Snow/Storm) (Rare),All (Snow/Storm) (Rare),All (Snow/Storm) (Rare),,All (Rare),,All (Snow/Storm) (Rare),All (Snow/Storm) (Rare),,All (Rare),,,All (Snow/Storm) (Rare),,,,,,,All (Snow/Storm) (Rare),All (Snow/Storm) (Rare),
Thunder Cap,All (Snow/Storm),All (Snow/Storm),All (Snow/Storm),All (Rare),All (Snow/Storm),All (Snow/Storm),All (Snow/Storm),,,,All (Snow/Storm),All (Snow/Storm),,,,All,All (Rare),,All,All,,All,,All (Snow/Storm),All (Rare),
Witch Hazel,All (Sun) (Rare),All (Sun) (Rare),All (Sun) (Rare),,All (Sun) (Rare),All (Sun) (Rare),All (Sun) (Rare),,,,All (Sun) (Rare),All (Sun) (Rare),,All,,,,,,,,,,All (Sun) (Rare),,
Frost Cap,All (Rare),All (Rare),All (Rare),All (Rare),All (Rare),All (Rare),All (Rare),,,,All (Rare),All (Rare),,,,,All (Rare),,,,,,,All (Rare),All (Rare),
Luminushroom,All (Sun) (Rare),All (Sun) (Rare),All (Sun) (Rare),All (Rare),All (Sun) (Rare),All (Sun),All (Sun) (Rare),,,,All (Sun) (Rare),All (Sun) (Rare),,,All,,All (Rare),,,,,,,All (Sun) (Rare),All (Rare),
Lucky Clover,All (Sun) (Rare),All (Sun) (Rare),All (Sun) (Rare),,All (Sun) (Rare),All (Sun) (Rare),All (Sun) (Rare),,,,All (Sun) (Rare),All (Sun) (Rare),,,,,,,,,,,,All (Sun) (Rare),,
Fire Wheel,All (Sun) (Rare),All (Sun) (Rare),All (Sun) (Rare),,All (Sun) (Rare),All (Sun),All (Sun) (Rare),,,,All (Sun) (Rare),All (Sun) (Rare),,,,All,,,All,All,,All,,All (Sun) (Rare),,All
Gultheria,Wi (Sun) (Rare),Wi (Sun) (Rare),Wi (Sun) (Rare),,Wi (Sun) (Rare),Wi (Sun),Wi (Sun) (Rare),,,,Wi (Sun) (Rare),Wi (Sun) (Rare),,,,,,,,,,,,Wi (Sun) (Rare),,
Holly,Wi (Rare),Wi (Rare),Wi (Rare),,Wi (Rare),Wi (Rare),Wi (Rare),,,,Wi (Rare),Wi (Rare),,,,,,,,,,,,Wi (Rare),,
Mistletoe,All (Rare),All (Rare),All (Rare),,All (Rare),All (Rare),All (Rare),,,,All (Rare),All (Rare),,All (Rare),,,,,,,,,,All (Rare),,
Poinsettia,All (Rare),All (Rare),All (Rare),,All (Rare),All (Rare),All (Rare),,,,All (Rare),All (Rare),,,,All,,,All,All,,All,,All (Rare),,
Silver Feather ,All (Snow/Storm) (Rare),All (Snow/Storm) (Rare),All (Snow/Storm) (Rare),,All (Snow/Storm) (Rare),All (Snow/Storm) (Rare),All (Snow/Storm) (Rare),,,All (Snow/Storm) (Rare),All (Snow/Storm) (Rare),All (Snow/Storm) (Rare),,,All (Rare),All (Rare),,All (Snow/Storm) (Rare),All (Snow/Storm) (Rare),All (Rare),All (Snow/Storm) (Rare),All (Rare),,All (Snow/Storm) (Rare),,All (Rare)
Golden Feather ,All (Sun) (Rare),All (Sun) (Rare),All (Sun) (Rare),,All (Sun) (Rare),All (Sun) (Rare),All (Sun) (Rare),,,All (Sun) (Rare),All (Sun) (Rare),All (Sun) (Rare),,,All (Rare),All (Rare),,All (Sun) (Rare),All (Sun) (Rare),All (Rare),All (Sun) (Rare),All (Rare),,All (Sun) (Rare),,All (Rare)
Thunderbird Feather,All (Snow/Storm) (Rare),All (Snow/Storm) (Rare),All (Snow/Storm) (Rare),,All (Snow/Storm) (Rare),All (Snow/Storm) (Rare),All (Snow/Storm) (Rare),,,All (Snow/Storm) (Rare),All (Snow/Storm) (Rare),All (Snow/Storm) (Rare),,,,All (Rare),,All (Snow/Storm) (Rare),All (Snow/Storm) (Rare),All (Rare),All (Snow/Storm) (Rare),All (Rare),,All (Snow/Storm) (Rare),,
Alkonost Feather,All (Snow/Storm) (Rare),All (Snow/Storm) (Rare),All (Snow/Storm) (Rare),,All (Snow/Storm) (Rare),All (Snow/Storm) (Rare),All (Snow/Storm) (Rare),,,All (Rare),All (Snow/Storm) (Rare),All (Snow/Storm) (Rare),,,,All (Rare),,All (Rare),All (Rare),All (Rare),All (Rare),All (Rare),,All (Snow/Storm) (Rare),,
Jackalope Antlers,All (Rare),All (Rare),All (Rare),,All (Rare),All (Rare),All (Rare),,,,All (Rare),All (Rare),,,All (Rare),,,,,,,,,All (Rare),,
Hellhound Fang,All (Rare),All (Rare),All (Rare),,All (Rare),All (Rare),All (Rare),All (Rare),All (Rare),,All (Rare),All (Rare),,All (Rare),,,,,,,,,,All (Rare),,All (Rare)
Wendigo Antler,All (Rare),All (Rare),All (Rare),,All (Rare),All (Rare),All (Rare),All (Rare),All (Rare),,All (Rare),All (Rare),,All (Rare),,,,,,,,,,All (Rare),,
Werewolf Claw,All (Rare),All (Rare),All (Rare),,All (Rare),All (Rare),All (Rare),All (Rare),All (Rare),,All (Rare),All (Rare),,All (Rare),,,,,,,,,,All (Rare),,
Tulikko Fur,Wi (Rare),Wi (Rare),Wi (Rare),,Wi (Rare),Wi (Rare),Wi (Rare),,Wi (Rare),,Wi (Rare),Wi (Rare),,Wi (Rare),,,,,,,,,,Wi (Rare),,
Iridium Feather,All (Rare),All (Rare),All (Rare),,All (Rare),All (Rare),All (Rare),,All (Rare),All (Rare),All (Rare),All (Rare),,All (Rare),All (Rare),All (Rare),,All (Rare),All (Rare),All (Rare),All (Rare),All (Rare),,All (Rare),,All (Rare)
Mythril Feather,All (Rare),All (Rare),All (Rare),,All (Rare),All (Rare),All (Rare),,All (Rare),All (Rare),All (Rare),All (Rare),,All (Rare),All (Rare),All (Rare),,All (Rare),All (Rare),All (Rare),All (Rare),All (Rare),,All (Rare),,All (Rare)
Radioactive Feather,All (Rare),All (Rare),All (Rare),,All (Rare),All (Rare),All (Rare),,All (Rare),All (Rare),All (Rare),All (Rare),,All (Rare),All (Rare),All (Rare),,All (Rare),All (Rare),All (Rare),All (Rare),All (Rare),,All (Rare),,All (Rare)
Alicorn,All (Rare),All (Rare),All (Rare),,All (Rare),All (Rare),All (Rare),,,All (Rare),All (Rare),All (Rare),,,All (Rare),All (Rare),,All (Rare),All (Rare),All (Rare),All (Rare),All (Rare),,All (Rare),,
Seraph Feather,All (Rare),All (Rare),All (Rare),,All (Rare),All (Rare),All (Rare),,,All (Rare),All (Rare),All (Rare),,,All (Rare),All (Rare),,All (Rare),All (Rare),All (Rare),All (Rare),All (Rare),,All (Rare),,All (Rare)
Gull Feather,,,,,,,,,,All,,,,,,,,All (Rare),All (Rare),,All (Rare),,,,,
Kelp,,,,,,,,,,All (Snow/Storm),,,,,,,,All (Snow/Storm),All (Snow/Storm),,All (Snow/Storm),,All,,,
Clam Seashell,,,,,,,,,,All,,,,,,,,All (Rare),All (Rare),,All (Rare),,All,,,
Marimo,,,,,,,,,,All,,,,,,,,All (Rare),All (Rare),,All (Rare),,All,,,
Red Algae,,,,,,,,,,All,,,,,,,,All (Rare),All (Rare),,All (Rare),,All,,,
Sand Dollar ,,,,,,,,,,All,,,,,,,,All (Rare),All (Rare),,All (Rare),,All,,,
Spiral Seashell,,,,,,,,,,All,,,,,,,,All (Rare),All (Rare),,All (Rare),,All,,,
Sea Fan Coral,,,,,,,,,,All,,,,,,,,All (Rare),All (Rare),,All (Rare),,All,,,
Anemushroom,,,,All (Rare),,,,,,All,,,,,,,All (Rare),All (Rare),All (Rare),,All (Rare),,All,,All (Rare),
Asterina,,,,,,,,,,All,,,,,,,,All (Rare),All (Rare),,All (Rare),,,,,
Crab Shell,,,,,,,,,,All,,,,,,,,All (Rare),All (Rare),,All (Rare),,All,,,
Seahorse ,,,,,,,,,,All,,,,,,,,All (Rare),All (Rare),,All (Rare),,,,,
Sea Star ,,,,,,,,,,All,,,,,,,,All (Rare),All (Rare),,All (Rare),,,,,
Snail Shell,,,,,,,,,,All,,,,,,,,All (Rare),All (Rare),,All (Rare),,All,,,
Starfish,,,,,,,,,,All,,,,,,,,All (Rare),All (Rare),,All (Rare),,All,,,
Brittle Star ,,,,,,,,,,All,,,,,,,,All (Rare),All (Rare),,All (Rare),,,,,
Fan Seashell,,,,,,,,,,All,,,,,,,,All (Rare),All (Rare),,All (Rare),,All,,,
Sea Dragon,,,,,,,,,,All,,,,,,,,All (Rare),All (Rare),,All (Rare),,,,,
Dried Sea Sponge,,,,,,,,,,All (Snow/Storm),,,,,,,,All (Snow/Storm),All (Snow/Storm),,All (Snow/Storm),,,,,
Sunstar,,,,,,,,,,All,,,,,,,,All (Rare),All (Rare),,All (Rare),,All,,,
Glass Buoy,,,,,,,,,,All (Snow/Storm),,,,,,,,All (Snow/Storm),All (Snow/Storm),,All (Snow/Storm),,All,,,
Sea Lily,,,,,,,,,,All,,,,,,,,All (Rare),All (Rare),,All (Rare),,,,,
Mermaid's Purse,,,,,,,,,,All (Snow/Storm),,,,,,,,All (Snow/Storm),All (Snow/Storm),,All (Snow/Storm),,,,,
Ambergris,,,,,,,,,,All (Rare),,,,,,,,All (Rare),All (Rare),,All (Rare),,,,,
Barbed Hook,,,,,,,,,,All (Snow/Storm),,,,,,,,All (Snow/Storm),All (Snow/Storm),,All (Snow/Storm),,All (Rare),,,
Coco de Mer,,,,,,,,,,All (Snow/Storm) (Rare),,,,,,All (Rare),,All (Snow/Storm) (Rare),All (Snow/Storm) (Rare),All (Rare),All (Snow/Storm) (Rare),All (Rare),,,,
Sea Heart,,,,,,,,,,All (Snow/Storm) (Rare),,,,,,All (Rare),,All (Snow/Storm) (Rare),All (Snow/Storm) (Rare),All (Rare),All (Snow/Storm) (Rare),All (Rare),,,,
Kraken Hook,,,,,,,,All (Rare),All (Rare),All (Rare),,,,All (Rare),,,,All (Rare),All (Rare),,All (Rare),,,,,
Leviathan Scale,,,,,,,,,,All (Rare),,,,,,,,All (Rare),All (Rare),,All (Rare),,,,,
Chives,,,,,,,,,All,,,,,All,,All,,,All,All,,All,,,,
Allium,,,,,,,,,All,,,,,All,,All,,,All,All,,All,,,,
Common Mushroom,,,,All,,,,All,All,,,,,All,,All,All (Rare),,All,All,,All,,,All (Rare),
Chanterelle,,,,All,,,,,All,,,,,All,,,All (Rare),,,,,,,,All (Rare),
Black Stone Flower,,,,All,,,,All,All,,,,,All,,All,All (Rare),,All,All,,All,,,All (Rare),
Morel,,,,All,,,,,All,,,,,All,,,All (Rare),,,,,,,,All (Rare),
Red Mushroom,,,,All,,,,,All,,,,,All,,,All (Rare),,,,,,,,All (Rare),
Wormwood,,,,,,,All,,All,,,,,All,,,,,,,,,,,,
Gem Cap,,,,All,,,,,All,,,,,All,All,,All (Rare),,,,,,,,All (Rare),All
Purple Mushroom,,,,All,,,,,All,,,,,All,,,All (Rare),,,,,,,,All (Rare),
Radioactive Mushroom,,,,All (Rare),,,,All (Rare),All,,,,,All,,,All (Rare),,,,,,,,All (Rare),
Red Antler Reishi,,,,All,,,All (Rare),,All,,,,,All,,,All (Rare),,,,,,,,All (Rare),
Dead Man's Fingers,,,,,,,,,All (Rare),,,,,All (Rare),,,,,,,,,,,,
Psilocybin Mushroom,,,,All (Rare),,,,,All (Rare),,,,,All (Rare),,,All (Rare),,,,,,,,All (Rare),
Tumbleweed,,,,,,,,,,,,,,,All,,,,,,,,,,,
Cactus Blossom,,,,,,,,,,,,,,,All,,,,,,,,,,,
Nopal,,,,,,,,,,,,,,,All,,,,,,,,,,,
Cactushroom,,,,All (Rare),,,,,,,,,,,All,,All (Rare),,,,,,,,All (Rare),
Opuntia Flower,,,,,,,,,,,,,,,All,,,,,,,,,,,
Caraway Flower,,,,,,,,,,,,,,,All (Rare),,,,,,,,,,,
Aloe,,,,,,,,,,,,,,,All,,,,,,,,,,,
Prickly Pear,,,,,,,,,,,,,,,All,,,,,,,,,,,
Bahidaj,,,,,,,,,,,,,,,All (Rare),,,,,,,,,,,
Peyote,,,,,,,,,,,,,,,All (Rare),,,,,,,,,,,
Xoconostle,,,,,,,,,,,,,,,All (Rare),,,,,,,,,,,
Nigella,,,,,,,,,,,,,,,All (Rare),,,,,,,,,,,
Garuda Feather,,,,,,,,,,,,,,,All (Rare),,,,,,,,,,,All (Rare)
Roc Feather,,,,,,,,,,,,,,,All (Rare),,,,,,,,,,,
Summer Starberry,,,,,,,,,,,,,,,Su,,,,,,,,,,,
Sunberry,,,,,,,,,,,,,,,Su (Rare),,,,,,,,,,,
Brassica Flower,,,Sp Su Fa,,Sp Su Fa,,,,,,,,,,,,,,,,,,,,,
Squash Flower,,,Sp Su Fa,,Sp Su Fa,,,,,,,,,,,,,,,,,,,,,
Berserker Mushroom,,,,All (Rare),,,All (Rare),,,,,,,,,,All (Rare),,,,,,,,All (Rare),
Magma Cap,,,,All (Rare),,,,,,,,,,,,,All (Rare),,,,,,,,All (Rare),
Mosshroom,,,,All (Rare),,,All,,,,,,,,,,All (Rare),,,,,,,,All (Rare),
Mushroom Tree Seed,,,,All (Rare),,,,,,,,,,,,,All (Rare),,,,,,,,All (Rare),
Duck Feather,,,,,,All,,,,,All,,,,,,,,,,,,,,,
Sakura,,,,,Sp (Rare),Sp (Rare),Sp (Sun) (Rare),,,,,,,,,,,,,,,,,Sp,,
Fiddlehead Fern,,,,,,,,,,,,,,,,All,,,All,All,,All,,,,All
Black Bamboo,,,,,,,,,,,,,,,,All,,,All,All,,All,,,,
Cassava Leaf,,,,,,,,,,,,,,,,All,,,All,All,,All,,,,
Blue Oyster Mushroom,,,,,,,All,,,,,,,,,All,,,All,All,,All,,,,
Flamingo Feather,,,,,,,,,,,,,,,,All,,,All,All,,All,,,,
Sugarcane,,,,,,,,,,,,,,,,All,,,All,All,,All,,,,
Cashew,,,,,,,,,,,,,,,,All,,,All,All,,All,,,,
Parrot Feather,,,,,,,,,,,,,,,,All,,All (Rare),All (Rare),All,All (Rare),All,,,,All
Peacock Feather,,,,,,,,,,,,,,,,All,,,All,All,,All,,,,
Macaw Feather,,,,,,,,,,,,,,,,All,,All (Rare),All (Rare),All,All (Rare),All,,,,All
Passion Flower,,,,,,,,,,,,,,,,All,,,All,All,,All,,,,
Hibiscus,,,,,,,,,,,,,,,,All,,,All,All,,All,,,,
Heliconia,,,,,,,,,,,,,,,,All,,,All,All,,All,,,,
Vanilla Orchid,,,,,,,,,,,,,,,,All,,,All,All,,All,,,,
Brazil Nut,,,,,,,,,,,,,,,,All (Rare),,,All (Rare),All (Rare),,All (Rare),,,,
Nagual Whiskers,,,,,,,,,,,,,,,,All (Rare),,,All (Rare),All (Rare),,All (Rare),,,,All (Rare)
Resplendent Feather,,,,,,,,,,,,,,,,All (Rare),,,All (Rare),All (Rare),,All (Rare),,,,All (Rare)
Phoenix Feather ,,,,,,,,,,,,,,,,All (Rare),,,All (Rare),All (Rare),,All (Rare),,,,All (Rare)
Green Algae,,,,,,,,,,,,,,,,,,,,,,,All,,,
Seaweed,,,,,,,,,,,,,,,,,,,,,,,All,,,
White Algae,,,,,,,,,,,,,,,,,,,,,,,All,,,
Clam,,,,,,,,,,,,,,,,,,,,,,,All,,,
Cockle,,,,,,,,,,,,,,,,,,,,,,,All,,,
Coral,,,,,,,,,,,,,,,,,,,,,,,All,,,
Mussel,,,,,,,,,,,,,,,,,,,,,,,All,,,
Sea Urchin,,,,,,,,,,,,,,,,,,,,,,,All,,,
Anchor,,,,,,,,,,,,,,,,,,,,,,,All,,,
Dried Starfish,,,,,,,,,,,,,,,,,,,,,,,All,,,
Nautilus Shell,,,,,,,,,,,,,,,,,,,,,,,All,,,
Rainbow Shell,,,,,,,,,,,,,,,,,,,,,,,All,,,
Copper Ore,,,,,,,,,,,,,,,,,,,,,,,All,,,
Gold Ore,,,,,,,,,,,,,,,,,,,,,,,All,,,
Iron Ore,,,,,,,,,,,,,,,,,,,,,,,All,,,
Mythril Ore,,,,,,,,,,,,,,,,,,,,,,,All (Rare),,,
Cork Bobber,,,,,,,,,,,,,,,,,,,,,,,All (Rare),,,
Lead Bobber,,,,,,,,,,,,,,,,,,,,,,,All (Rare),,,
Glass Shards,,,,,,,,All,,,,,,,,,,,,,,,,,,
Poison Apple,,,,,,,,,,,,,,All (Rare),,,,,,,,,,,,
Waldmeister,,,,,,,Sp Su,,,,,,,,,,,,,,,,,,,
Woodruff,,,,,,,Sp Su,,,,,,,,,,,,,,,,,,,
